"id","n","sigma","positionSuccess","poseSuccess","collisionFreeFraction","taskDexterityP25","taskPayloadTorqueP95NmPerKg"
"design_6_22321","6","180 180 270 180 90","22","27","0.922119140625","0.09711952857890052","2.6215211209980605"
"design_6_21200","6","180 90 180 0 0","23","2","0.967041015625","0.06461330828373044","2.6197510415743968"
"design_6_31330","6","270 90 270 270 0","21","9","0.986083984375","0.07041554665673047","3.0761948187562718"
"design_6_21311","6","180 90 270 90 90","23","16","0.97705078125","0.1419672212802478","2.729403064336655"
"design_6_23222","6","180 270 180 180 180","23","29","0.905517578125","0.12004766499570063","2.709601008994454"
"design_6_12312","6","90 180 270 90 180","20","16","0.952880859375","0.08428702256303044","2.6479578939366"
"design_6_22221","6","180 180 180 180 90","22","31","0.875732421875","0.10619363597843477","2.6805915556328066"
"design_6_22131","6","180 180 90 270 90","22","22","0.94775390625","0.12333407115099973","2.4827065244886586"
"design_7_223103","7","180 180 270 90 0 270","26","39","0.91552734375","0.13703905881606523","3.4683472805092497"
"design_7_133300","7","90 270 270 270 0 0","26","11","0.970947265625","0.08153074914695561","3.6044382627540106"
"design_7_223030","7","180 180 270 0 270 0","26","21","0.931640625","0.08009921068727754","3.6344159429401492"
"design_7_132011","7","90 270 180 0 90 90","25","34","0.9619140625","0.13172681884062304","3.0324449019464503"
"design_7_232222","7","180 270 180 180 180 180","27","60","0.842041015625","0.14826403143432496","3.4683554667019947"
"design_7_222221","7","180 180 180 180 180 90","26","54","0.814453125","0.16267404855809234","3.4684012618605498"
"design_7_221222","7","180 180 90 180 180 180","26","56","0.84814453125","0.18806670486991411","3.468211966957448"
"design_7_232211","7","180 270 180 180 90 90","27","54","0.869140625","0.17533965246602334","3.675360308760059"
"design_6_00000","6","0 0 0 0 0","0","0","1","0",""
"design_6_22222","6","180 180 180 180 180","22","29","0.87451171875","0.11525587302243923","2.5327694703151784"
"design_6_11111","6","90 90 90 90 90","21","6","0.984130859375","0.07750914432980105","2.4279070890963466"
"design_6_13131","6","90 270 90 270 90","20","18","0.984130859375","0.06880746927513816","2.4278328553715123"
"design_6_22020","6","180 180 0 180 0","22","9","0.978271484375","0.009990438979776018","2.5838393910729147"
"design_6_02210","6","0 180 180 90 0","14","4","0.925048828125","0.000004841799345564856","1.8726059350464839"
"design_7_000000","7","0 0 0 0 0 0","0","0","1","0",""
"design_7_111111","7","90 90 90 90 90 90","26","41","0.963134765625","0.09541017367104283","3.601684231772768"
"design_7_222222","7","180 180 180 180 180 180","26","53","0.8115234375","0.15439463882620383","3.468314278854965"
"design_7_131313","7","90 270 90 270 90 270","26","37","0.962890625","0.1252072401561178","3.4682376495098404"